Strain,Enviro,Activity_norm,MIC50
A01,1,1.0514432672704874,2
A01,2,1.0305305236835027,2
A01,16,1.0243300340543253,2
A01,32,1.0079468203410618,2
A01,4,1.0526854706089779,2
A01,8,0.9887280826839993,2
A01,0.5,1,2
A06,0.5,1,1
A06,1,1.031051907319364,1
A06,2,1.1169959254989832,1
A06,4,1.0697606741678198,1
A06,8,1.0853492487681544,1
A06,16,1.0505332633830855,1
A06,32,1.0137255816676698,1
A07,0.5,1,1
A07,1,1.038462265986287,1
A07,2,1.0619990071726313,1
A07,4,1.063885437879616,1
A07,8,1.0315634247773804,1
A07,16,1.0108734765773475,1
A07,32,0.9788387640031111,1
A09,0.5,1,1
A09,1,0.9576482260077447,1
A09,2,0.9323829407286973,1
A09,4,0.9375208189505606,1
A09,8,0.9304041691308005,1
A09,16,0.9272656386115874,1
A09,32,0.8938717379567896,1
A11,0.5,1,1
A11,1,1.0318576330592013,1
A11,2,1.0666224266400637,1
A11,4,1.0827217957988275,1
A11,8,1.06888326538758,1
A11,16,0.9592894706018144,1
A11,32,0.9368536528520235,1
A13,0.5,1,1
A13,1,0.963462568853155,1
A13,2,0.9279428389120484,1
A13,4,0.9448597358082436,1
A13,8,0.9656895518229428,1
A13,16,0.9219460545759145,1
A13,32,0.8679101937920887,1
A14,0.5,1,1
A14,1,1.0787844019841548,1
A14,2,1.1161862725037373,1
A14,4,1.164394596957712,1
A14,8,1.0759128899151995,1
A14,16,1.0670160963548354,1
A14,32,1.0576284235353106,1
A15,0.5,1,1
A15,1,1.0208551637896985,1
A15,2,1.0705742111609255,1
A15,4,1.108788561369873,1
A15,8,1.0409183440317746,1
A15,16,1.0181009921845752,1
A15,32,0.9349067051378581,1
A16,0.5,1,1
A16,1,1.0018925007425192,1
A16,2,0.9964962578365282,1
A16,4,0.960763013486886,1
A16,8,0.9959655825610834,1
A16,16,0.9895032276613763,1
A16,32,0.9942486445737351,1
A19,0.5,1,1
A19,1,1.0211218495097236,1
A19,2,1.0026305111504599,1
A19,4,0.9977305980521013,1
A19,8,1.0066812769343412,1
A19,16,0.9957519800158549,1
A19,32,0.9965499092010152,1
A20,0.5,1,1
A20,1,0.9127069178908064,1
A20,2,0.9764710515889842,1
A20,4,0.9390431066122855,1
A20,8,0.9555404137070747,1
A20,16,0.9676045414613826,1
A20,32,0.9211712082396324,1
A21,0.5,1,1
A21,1,1.1024360372428776,1
A21,2,1.0211328439242342,1
A21,4,1.0321730993046523,1
A21,8,1.053731791991066,1
A21,16,1.067176259341203,1
A21,32,1.1073054305522743,1
A22,0.5,1,1
A22,1,1.087666545614988,1
A22,2,1.0053510626767446,1
A22,4,0.9730915658921695,1
A22,8,0.9602534003177601,1
A22,16,0.9045089607567945,1
A22,32,0.8916299018575821,1
A23,0.5,1,>32
A23,1,1.1372850935396486,>32
A23,2,1.124357120586181,>32
A23,4,1.0715876706302132,>32
A23,8,1.1101766190289106,>32
A23,16,1.0209397865279253,>32
A23,32,1.0274314498630075,>32
A24,0.5,1,1
A24,1,1.0552076529938863,1
A24,2,0.9483533953873207,1
A24,4,0.9751521601212142,1
A24,8,0.9093366468262083,1
A24,16,0.9358004352885783,1
A24,32,0.8678456514399364,1
A25,0.5,1,>32
A25,1,1.0800467080042826,>32
A25,2,1.1050168678315915,>32
A25,4,1.1022584145373764,>32
A25,8,1.0610053900440883,>32
A25,16,1.0013332557224444,>32
A25,32,0.9481856093737944,>32
A26,0.5,1,1
A26,1,1.083473337140508,1
A26,2,1.1726422412854358,1
A26,4,1.1437286339590758,1
A26,8,1.1536952664034954,1
A26,16,1.0382853879948557,1
A26,32,1.1286454412441518,1
A27,0.5,1,1
A27,1,1.0728416435608064,1
A27,2,0.986736634906235,1
A27,4,0.8823567393884022,1
A27,8,0.9755234043082374,1
A27,16,0.8747570695882799,1
A27,32,0.8368540527828582,1
A28,0.5,1,1
A28,1,0.9674457840596601,1
A28,2,0.9656942903316825,1
A28,4,0.9109041191499784,1
A28,8,0.9341641013157499,1
A28,16,0.8915565074218802,1
A28,32,0.8473207246671306,1
A29,0.5,1,1
A29,1,1.0342899975282944,1
A29,2,1.0153721521083254,1
A29,4,0.9551098629680894,1
A29,8,1.0353155325386278,1
A29,16,0.9384007249605446,1
A29,32,0.9664212509662143,1
A30,0.5,1,1
A30,1,0.9554334469869279,1
A30,2,0.9362963810693984,1
A30,4,0.9031435107347906,1
A30,8,0.969567953308507,1
A30,16,0.9590953403588226,1
A30,32,0.9950354480636752,1
A31,0.5,1,1
A31,1,0.9533220358876175,1
A31,2,0.9574700784627312,1
A31,4,0.8890413445194357,1
A31,8,0.9590764382112323,1
A31,16,0.9448755305771721,1
A31,32,0.9403186716967566,1
A32,0.5,1,1
A32,1,0.9994219248152962,1
A32,2,0.9933090791682705,1
A32,4,0.9221471540591872,1
A32,8,1.0400482435933753,1
A32,16,1.050266111134357,1
A32,32,1.0392225446390335,1
A33,0.5,1,1
A33,1,1.0071435648507578,1
A33,2,1.0413649210057059,1
A33,4,1.003039195833191,1
A33,8,1.028682259540425,1
A33,16,1.0955417468075557,1
A33,32,1.1472825473746557,1
A34,0.5,1,1
A34,1,1.0746654519807057,1
A34,2,1.067611163545337,1
A34,4,0.9998063358359972,1
A34,8,1.0647064896124931,1
A34,16,1.132256512675198,1
A34,32,1.1811185304619163,1
A35,0.5,1,1
A35,1,1.073409603614288,1
A35,2,1.0512422900286573,1
A35,4,1.050418175493554,1
A35,8,1.0540049511033298,1
A35,16,1.071227841401294,1
A35,32,1.0010368492956605,1
A36,0.5,1,1
A36,1,1.1432056744185881,1
A36,2,1.17041955322664,1
A36,4,1.1504971735715628,1
A36,8,1.0905531566477307,1
A36,16,1.1617018908234042,1
A36,32,1.053169299744512,1
A37,0.5,1,1
A37,1,1.0725706189428188,1
A37,2,1.0621087140581196,1
A37,4,1.1172151657861222,1
A37,8,1.0566867636536545,1
A37,16,1.106360889780727,1
A37,32,1.011591370526636,1
A38,0.5,1,1
A38,1,1.0790979704441324,1
A38,2,1.0844527241802824,1
A38,4,1.1325742989887284,1
A38,8,1.0892236713079493,1
A38,16,1.0969663248262906,1
A38,32,1.0529838658204291,1
A39,0.5,1,1
A39,1,1.1472477565519101,1
A39,2,1.142210906036712,1
A39,4,1.1584640379018536,1
A39,8,1.1150790284663779,1
A39,16,1.0922575369370477,1
A39,32,1.0480442383671082,1
A40,0.5,1,>32
A40,1,1.104027864190057,>32
A40,2,1.159961738208752,>32
A40,4,1.2216744451120527,>32
A40,8,1.0989130859819527,>32
A40,16,1.102355017322614,>32
A40,32,0.9902813449741837,>32
A41,0.5,1,1
A41,1,1.1222203999607194,1
A41,2,1.1421843473371798,1
A41,4,1.23476317402691,1
A41,8,1.1198085517720833,1
A41,16,1.1198658034077558,1
A41,32,1.1006191685739266,1
A42,0.5,1,1
A42,1,1.069821363933173,1
A42,2,1.1533961565136097,1
A42,4,1.1080139213934712,1
A42,8,1.1150544892998762,1
A42,16,1.0549460537698394,1
A42,32,0.9898291613809478,1
A43,0.5,1,1
A43,1,0.9315730218556463,1
A43,2,1.0058747261747467,1
A43,4,1.0861160249810822,1
A43,8,0.9463402626697355,1
A43,16,0.9587464238576591,1
A43,32,0.9499649599994099,1
A44,0.5,1,1
A44,1,1.0367918247434522,1
A44,2,1.0497566193811971,1
A44,4,1.0646036011392226,1
A44,8,1.0809422574044616,1
A44,16,1.0725796762582354,1
A44,32,1.0848937929021631,1
A45,0.5,1,1
A45,1,1.1187422000690737,1
A45,2,1.0548149855263425,1
A45,4,1.0904533452316438,1
A45,8,1.115535223374733,1
A45,16,1.1525236418316391,1
A45,32,1.1336486634299463,1
A46,0.5,1,1
A46,1,1.0468219938554102,1
A46,2,1.0194235989434104,1
A46,4,1.0241547283236185,1
A46,8,1.0318866465666927,1
A46,16,1.0068573432884542,1
A46,32,1.039487167683301,1
A47,0.5,1,1
A47,1,1.164392325415056,1
A47,2,1.1452227490994753,1
A47,4,1.1204391107075105,1
A47,8,1.1104485289863977,1
A47,16,1.0560745862542447,1
A47,32,1.0051625725463322,1
A48,0.5,1,1
A48,1,1.187303666435319,1
A48,2,1.075950248525682,1
A48,4,1.0399996557999331,1
A48,8,1.092443044849427,1
A48,16,1.0681736825368977,1
A48,32,0.9885426124188209,1
A49,0.5,1,1
A49,1,1.15212294197717,1
A49,2,1.099148752072647,1
A49,4,1.1558742153532977,1
A49,8,1.1800169559935691,1
A49,16,1.0982385895130562,1
A49,32,1.0450359303102639,1
A50,0.5,1,1
A50,1,1.1761974970286413,1
A50,2,1.110027727290565,1
A50,4,1.1468139304006149,1
A50,8,1.1492353476377222,1
A50,16,1.113459015579036,1
A50,32,1.0114751570748723,1
A51,0.5,1,>32
A51,1,1.149226442804268,>32
A51,2,1.113464752247307,>32
A51,4,1.102953569284286,>32
A51,8,1.0906918278548212,>32
A51,16,1.1252975781900592,>32
A51,32,1.0668120014850968,>32
A52,0.5,1,1
A52,1,1.2866311229639391,1
A52,2,1.0817353451655582,1
A52,4,0.9540055313265212,1
A52,8,0.9867458581892,1
A52,16,0.9700978249773543,1
A52,32,1.0668752115373321,1
A53,0.5,1,1
A53,1,1.1124582312075588,1
A53,2,1.1664600054949055,1
A53,4,1.194234744674844,1
A53,8,1.183092970265432,1
A53,16,1.1041392952667421,1
A53,32,1.0617552686041758,1
A54,0.5,1,2
A54,1,1.1468442988927434,2
A54,2,1.0987361954472776,2
A54,4,1.1388673895568324,2
A54,8,1.1219288520340298,2
A54,16,1.0489451002477912,2
A54,32,0.9952044010077815,2
A55,0.5,1,1
A55,1,1.1003755597404319,1
A55,2,1.0528741400482238,1
A55,4,1.0188289452259536,1
A55,8,1.020682801587643,1
A55,16,1.0380679323299504,1
A55,32,1.1363249253619927,1
A56,0.5,1,>32
A56,1,0.9808230955913186,>32
A56,2,0.9573634359615315,>32
A56,4,0.936674814802338,>32
A56,8,0.9289569777861095,>32
A56,16,0.949287195191145,>32
A56,32,0.9212770762195085,>32
A57,0.5,1,1
A57,1,1.104024690956332,1
A57,2,1.1808740618278821,1
A57,4,1.1674700033550671,1
A57,8,1.170820055812259,1
A57,16,1.2025563732950155,1
A57,32,1.0708745122521375,1
A58,0.5,1,1
A58,1,1.151931278929104,1
A58,2,1.1559256322205942,1
A58,4,1.2378428174088991,1
A58,8,1.202049669787507,1
A58,16,1.215743830949738,1
A58,32,1.131475927596676,1
A59,0.5,1,1
A59,1,1.1610554394470196,1
A59,2,1.193224886733172,1
A59,4,1.2315983042765173,1
A59,8,1.2126676227559738,1
A59,16,1.137391592877588,1
A59,32,0.998409291844174,1
A60,0.5,1,4
A60,1,1.1530611689081893,4
A60,2,1.138346542613596,4
A60,4,1.175062068831527,4
A60,8,1.0959395806500858,4
A60,16,1.0887998449366925,4
A60,32,0.94984534858175,4
A62,0.5,1,1
A62,1,1.1919195538072775,1
A62,2,1.140787167517205,1
A62,4,1.1527458145704375,1
A62,8,1.162321134914535,1
A62,16,1.1648293773366931,1
A62,32,1.0523311552299597,1
A63,0.5,1,1
A63,1,1.1202961390406831,1
A63,2,1.0985978900392523,1
A63,4,1.0705540687846704,1
A63,8,1.134302760822478,1
A63,16,1.1270409713874692,1
A63,32,1.0384086019620395,1
A64,0.5,1,1
A64,1,1.0762494401870835,1
A64,2,1.035716700653186,1
A64,4,1.0836951461003324,1
A64,8,1.0289675719636373,1
A64,16,1.0518435564673163,1
A64,32,0.9220364749913131,1
A65,0.5,1,>32
A65,1,1.1911878290267202,>32
A65,2,1.1812915048137635,>32
A65,4,1.1113273243385677,>32
A65,8,1.1885618216181786,>32
A65,16,1.17409439740429,>32
A65,32,1.10546650494032,>32
A66,0.5,1,>32
A66,1,1.0718808159948572,>32
A66,2,1.0185516826658618,>32
A66,4,1.0610944752963138,>32
A66,8,1.0923994466925706,>32
A66,16,1.021493643355492,>32
A66,32,0.9681149041272328,>32
A67,0.5,1,1
A67,1,1.0522633856790538,1
A67,2,1.071835992574922,1
A67,4,1.0796702675486454,1
A67,8,1.0792198984438988,1
A67,16,1.070234324623315,1
A67,32,1.0366584395480125,1
A68,0.5,1,>32
A68,1,1.055620280418519,>32
A68,2,1.0369200434743717,>32
A68,4,1.0154098187423626,>32
A68,8,1.0346198686726376,>32
A68,16,1.0243344653405997,>32
A68,32,1.005858957675689,>32
